site,n_test,model,mae,rmse,r2,harmonized
ABIDEI-CALTECH,19,ElasticNet,6.768191402290492,8.405622085442532,0.406962818633257,True
ABIDEI-CALTECH,19,RandomForest,5.559798579974956,8.096816277190896,0.4497364164758575,True
ABIDEI-CALTECH,19,XGBoost,5.245843917445132,7.834216488350577,0.48485043271611694,True
ABIDEI-CMU,13,ElasticNet,8.18969680409734,9.647218862757457,-2.057665741023409,True
ABIDEI-CMU,13,RandomForest,6.591560999579695,8.582897613283933,-1.4202131052448372,True
ABIDEI-CMU,13,XGBoost,7.730562503521259,10.162830407851965,-2.393244090375298,True
ABIDEI-KKI,32,ElasticNet,5.130822846035582,6.874490067089939,-28.800489016612655,True
ABIDEI-KKI,32,RandomForest,1.824727050420752,3.014350976666422,-4.729675803236192,True
ABIDEI-KKI,32,XGBoost,1.7004464614391324,2.9228831872347123,-4.387227692732694,True
ABIDEI-LEUVEN,35,ElasticNet,6.107139027421343,8.42413853394308,-1.9386635548613342,True
ABIDEI-LEUVEN,35,RandomForest,3.6142159895634243,7.390037300392064,-1.2614767517171503,True
ABIDEI-LEUVEN,35,XGBoost,3.5865815080915175,7.180894141239891,-1.1352853265367076,True
ABIDEI-MAX_MUN,33,ElasticNet,7.507787767504723,9.04480257121316,0.12163147596896129,True
ABIDEI-MAX_MUN,33,RandomForest,7.124577014856355,9.488896848473738,0.03325923388813912,True
ABIDEI-MAX_MUN,33,XGBoost,7.027716521060828,9.730106218376497,-0.016514888546803608,True
ABIDEI-NYU,104,ElasticNet,6.891658030600403,8.834922016816114,-1.0200458046306111,True
ABIDEI-NYU,104,RandomForest,3.870162751205797,6.803017242587888,-0.19772997802833814,True
ABIDEI-NYU,104,XGBoost,3.802734416448153,6.638854271286596,-0.1406227973304781,True
ABIDEI-OHSU,15,ElasticNet,6.361747862401422,7.326745606886757,-48.180947745527604,True
ABIDEI-OHSU,15,RandomForest,1.5904443163695414,1.9512947465451977,-2.4883529404334626,True
ABIDEI-OHSU,15,XGBoost,1.5688226674397787,1.9196398411565654,-2.376091264672967,True
ABIDEI-OLIN,14,ElasticNet,6.62498099820892,8.987494871987245,-5.615926685542591,True
ABIDEI-OLIN,14,RandomForest,3.3414975781624463,5.216820474367128,-1.229077437905603,True
ABIDEI-OLIN,14,XGBoost,3.5587460654122487,5.439783992543769,-1.4236878301566835,True
ABIDEI-PITT,27,ElasticNet,7.268503325387122,9.29676512854223,-1.0385022270010222,True
ABIDEI-PITT,27,RandomForest,3.93358689384684,5.8405831381519,0.19543730380998525,True
ABIDEI-PITT,27,XGBoost,3.569805262530292,5.344781370125611,0.3262366835245335,True
ABIDEI-SBL,15,ElasticNet,5.667098982929027,6.314144085929971,0.02112685551898752,True
ABIDEI-SBL,15,RandomForest,7.364611367124299,8.777564530125675,-0.8916705361323747,True
ABIDEI-SBL,15,XGBoost,7.213819376627604,8.837245407782662,-0.9174818790276678,True
ABIDEI-SDSU,21,ElasticNet,5.5777774918242855,8.742584473019331,-20.330403006363966,True
ABIDEI-SDSU,21,RandomForest,3.417611782815771,7.306720337272872,-13.899248259691081,True
ABIDEI-SDSU,21,XGBoost,3.376100603739421,6.705653842908112,-11.548784108260827,True
ABIDEI-STANFORD,12,ElasticNet,6.887267923144278,8.419244557192808,-26.38472181749989,True
ABIDEI-STANFORD,12,RandomForest,1.4318579040759973,1.8387471445738122,-0.3061892541452538,True
ABIDEI-STANFORD,12,XGBoost,1.5299872398376462,1.808455793778289,-0.2635076578741091,True
ABIDEI-TRINITY,25,ElasticNet,6.477518879336065,7.798025703278124,-3.456173524510091,True
ABIDEI-TRINITY,25,RandomForest,3.8269173229117195,5.094947757901132,-0.9022703545940067,True
ABIDEI-TRINITY,25,XGBoost,3.6188252777099614,4.891763742729707,-0.7535724626616989,True
ABIDEI-UM,72,ElasticNet,6.139064258559616,7.818815876288357,-3.6891827758416724,True
ABIDEI-UM,72,RandomForest,3.0940680020553857,4.170565670520851,-0.33415140204155835,True
ABIDEI-UM,72,XGBoost,2.764158648914761,3.732811667964386,-0.0687776090432255,True
ABIDEI-USM,43,ElasticNet,6.599696191519213,8.170991077517511,-0.17044227918333021,True
ABIDEI-USM,43,RandomForest,5.261300336479856,7.075143542017243,0.12245167961631176,True
ABIDEI-USM,43,XGBoost,5.255336049989212,7.207840243686602,0.08922556185999586,True
ABIDEII-EMC_1,25,ElasticNet,5.047290050805143,6.271818352601894,-37.97507409812679,True
ABIDEII-EMC_1,25,RandomForest,1.9975386964634916,2.4706742340379404,-5.048267330706729,True
ABIDEII-EMC_1,25,XGBoost,1.9327075463623047,2.4135838668479788,-4.771979696238187,True
ABIDEII-ETH_1,24,ElasticNet,7.30498762674576,10.10717992237686,-4.255254366725127,True
ABIDEII-ETH_1,24,RandomForest,5.413093053930204,10.96625470847402,-5.1865767591430965,True
ABIDEII-ETH_1,24,XGBoost,5.754410843976339,11.16118920393561,-5.408474916064838,True
ABIDEII-GU_1,51,ElasticNet,4.8131454150705615,6.454793721952653,-13.28412318693417,True
ABIDEII-GU_1,51,RandomForest,1.7330802174751911,2.5891301529675133,-1.298246546127034,True
ABIDEII-GU_1,51,XGBoost,1.6634093616081687,2.4102044457874947,-0.9915747774557271,True
ABIDEII-IP_1,32,ElasticNet,6.735857413607826,8.10367849494541,0.49950152024150885,True
ABIDEII-IP_1,32,RandomForest,5.002879620582307,6.932609264232891,0.633704313864927,True
ABIDEII-IP_1,32,XGBoost,4.841651962280274,6.599471021975457,0.6680622773180775,True
ABIDEII-IU_1,20,ElasticNet,7.487165170003186,8.78935965871816,-2.390141227001743,True
ABIDEII-IU_1,20,RandomForest,5.800250759031581,7.885317083548529,-1.7286111029337259,True
ABIDEII-IU_1,20,XGBoost,4.991382122039795,6.873138792821912,-1.07306799189878,True
ABIDEII-KKI_32ch,45,ElasticNet,4.980833247235627,5.93180768487701,-21.65763484243709,True
ABIDEII-KKI_32ch,45,RandomForest,1.6871174584711013,2.1639135768209052,-2.0152287968482265,True
ABIDEII-KKI_32ch,45,XGBoost,1.4662331430324977,1.925101385703503,-1.3864242959257735,True
ABIDEII-KKI_8ch,107,ElasticNet,4.358104259669533,5.714167954653469,-22.967551800591632,True
ABIDEII-KKI_8ch,107,RandomForest,1.498651279230743,2.4950751387897387,-3.569670960507012,True
ABIDEII-KKI_8ch,107,XGBoost,1.5402762008196393,2.5309921885428452,-3.7021803430426203,True
ABIDEII-NYU_1,30,ElasticNet,4.656041865362704,5.8468888629655105,-2.1981212346219867,True
ABIDEII-NYU_1,30,RandomForest,2.1557894487325138,2.684622574699692,0.3257643362897301,True
ABIDEII-NYU_1,30,XGBoost,2.0360308868408206,2.4140651421484303,0.4548158572811877,True
ABIDEII-OHSU_1,55,ElasticNet,5.478711103044188,6.776305237850256,-16.39330025625637,True
ABIDEII-OHSU_1,55,RandomForest,1.56038185235627,2.2588631366810343,-0.9327510114607886,True
ABIDEII-OHSU_1,55,XGBoost,1.6019244107333097,2.179929525573045,-0.8000351274489101,True
ABIDEII-TCD_1,21,ElasticNet,4.469967649535918,6.5149597806026,-3.5722238993143263,True
ABIDEII-TCD_1,21,RandomForest,3.2678642883961206,4.672028665401295,-1.3513377096262467,True
ABIDEII-TCD_1,21,XGBoost,2.871409461611793,4.173634821932221,-0.8764323247384773,True
ABIDEII-UCD_1,14,ElasticNet,5.657111690509217,6.629737797273173,-15.130737556299398,True
ABIDEII-UCD_1,14,RandomForest,2.0735276584328526,3.0359175146848836,-2.3825284299170293,True
ABIDEII-UCD_1,14,XGBoost,2.165490319170271,2.93447910284476,-2.16026544432151,True
ABIDEII-UCLA_1,15,ElasticNet,6.489805416196368,8.323322495675844,-14.607197505322647,True
ABIDEII-UCLA_1,15,RandomForest,2.547825706624338,3.9584321174071135,-2.5300258474855735,True
ABIDEII-UCLA_1,15,XGBoost,2.4228925734659827,3.5603647343179374,-1.8557518272149753,True
NKI2,73,ElasticNet,6.235249523661473,7.879162433171202,-5.38891348836992,True
NKI2,73,RandomForest,2.3242491202730906,3.8166545320026914,-0.4991068968167216,True
NKI2,73,XGBoost,2.5408039746219164,3.936772542168977,-0.5949517365479342,True
IXI-Guys,309,ElasticNet,13.09834081965893,16.350112545471223,-0.06992467992712093,True
IXI-Guys,309,RandomForest,9.490331985143152,12.195828276374588,0.4047021502405793,True
IXI-Guys,309,XGBoost,9.782737031584805,12.225561617836968,0.401795948167194,True
IXI-HH,178,ElasticNet,9.935664026348073,12.245231709275293,0.4563528763003787,True
IXI-HH,178,RandomForest,7.735293647515364,10.083614971800491,0.6313488537537353,True
IXI-HH,178,XGBoost,7.5225487385439065,9.652718734261434,0.6621823137020307,True
